key,text,button,comment
start_default,"üéâ –î–æ–±—Ä–æ –ø–æ–∂–∞–ª–æ–≤–∞—Ç—å –≤ GenoLife!

–Ø –ø–æ–º–æ–≥—É –≤–∞–º –ø—Ä–æ–π—Ç–∏ –∞–Ω–∞–ª–∏–∑ –∏ —É–ª—É—á—à–∏—Ç—å –∑–¥–æ—Ä–æ–≤—å–µ.

–ù–∞—á–Ω–µ–º —Å –±—ã—Å—Ç—Ä–æ–≥–æ —Ç–µ—Å—Ç–∞?","–ù–∞—á–∞—Ç—å —Ç–µ—Å—Ç,start_quiz","–ü—Ä–∏–≤–µ—Ç—Å—Ç–≤–∏–µ –¥–ª—è —Å—Ç–∞–Ω–¥–∞—Ä—Ç–Ω–æ–≥–æ —Å—Ü–µ–Ω–∞—Ä–∏—è"
start_blogger1,"üëã –ü—Ä–∏–≤–µ—Ç! –í—ã –ø—Ä–∏—à–ª–∏ –æ—Ç [–ë–ª–æ–≥–≥–µ—Ä Name]

–î–∞–≤–∞–π—Ç–µ —É–∑–Ω–∞–µ–º –±–æ–ª—å—à–µ –æ –≤–∞—à–µ–º –∑–¥–æ—Ä–æ–≤—å–µ...","–ù–∞—á–∞—Ç—å –æ–ø—Ä–æ—Å,start_quiz","–ü—Ä–∏–≤–µ—Ç—Å—Ç–≤–∏–µ –¥–ª—è –±–ª–æ–≥–≥–µ—Ä–∞ 1"
quiz_question_1,"–ö–∞–∫ —á–∞—Å—Ç–æ –≤—ã —á—É–≤—Å—Ç–≤—É–µ—Ç–µ —É—Å—Ç–∞–ª–æ—Å—Ç—å –≤ —Ç–µ—á–µ–Ω–∏–µ –¥–Ω—è?","–ß–∞—Å—Ç–æ,sometimes,rarely,never","–ü–µ—Ä–≤—ã–π –≤–æ–ø—Ä–æ—Å –∫–≤–∏–∑–∞"
